{"1": -48.78491973090039, "2": -52.16670685308707, "3": -53.934766183333394, "4": -55.009590922630736, "5": -55.14614886119932, "6": -55.35466365854786, "7": -55.159587979785705, "8": -55.020125557822055, "9": -53.81523403320032, "10": -52.04900632387678, "11": -48.73987418312271}