{
    "1": -48.52296578379674,
    "2": -51.42828087595852,
    "3": -53.284172450138485,
    "4": -54.2460208358515,
    "5": -54.97089702919416,
    "6": -55.00447458384633,
    "7": -54.918098498344015,
    "8": -54.223444708149856,
    "9": -53.29602094359924,
    "10": -51.4913151202877,
    "11": -48.47968963785457
}